|b'The great @BryantJordan on one particularly terrible way to observe Memorial Day. (The stripes are a nice touch). https://t.co/iolDFGaTIX'|
|b'Highlight reel coming up momentito on MSNBC... this is pretty good...'|
|b'RT @CWADistrict1: .@USDOL announces agreement in principle on a new contract for @Verizon workers. #VerizonStrike\nhttps://t.co/4NSOcjX8bM'|
|b"Tonight's A-block: The air-speed velocity of an unladen swallow. https://t.co/QtBSpwtjDz  (Cramming right now, can't talk)."|
|b"RT @DavidKenner: It's weird how there's more debate over the patches that US spec forces wear in Syria than what they're actually doing the?"|
|b'RT @jbendery: @maddow Mark it now. May 26, 2020. You, me, botched presidential predictions.'|
|b'Yesssssssssss. "She\'s got a patent pending for her \'hair socks\'." https://t.co/2dqZWo2dyV'|
|b'RT @alivitali: Trump says maybe they\'ll name his border wall after him. Then again, he\'d rather a statue in DC. "Maybe share it w/ Jefferso?'|
|b'Do they tickle? Do they shed? Can you part the hair the other way? https://t.co/RUmA3SLK5f'|
|b'Director Rob Katko found me the kind of 8" floppy they run nuclear ICBMs on. Label says ours has a Reagan gfx on it: https://t.co/9NBRGkuEqp'|
|b'Do they upset cats? https://t.co/RUmA3SLK5f'|
|b'Do they... require combing? Are there other socks in the world that require combing or aquanet? Is this a thing? https://t.co/RUmA3SLK5f'|
|b'Oh my god. https://t.co/RUmA3SLK5f'|
|b'"Occasionally reading from notes scribbled on a napkin"? https://t.co/qRlquHfj3z'|
|b"RT @MikeGrunwald: RT's aren't going to kill the frigging mosquitoes. That requires money. https://t.co/PdhmTPbW17"|
|b'Falling through the cracks, I get. Falling through the cracks for **eleven years**... I do not get. Astonishing: https://t.co/hl0sG6JK4B'|
|b'Verizon strike still on. They went to the call center abroad where what used to be US jobs now pay &lt;$2/hr: https://t.co/ShEDGt75Cd'|
|b'RT @bencnn: Meanwhile in #Iraq... https://t.co/xivTBA9QnT'|
|b'RT @repjohnlewis: 55 yrs ago today on the Freedom Rides, we were beaten by a mob in Montgomery. A crate was smashed over my head. https://t?'|
|b'"Mackerel by Moonlight" poised for a sales surge! https://t.co/6olTBy6Z1h'|
|b'"The Senate?s only physician called the measure \'insane\'."  https://t.co/60PFqazjZk'|
|b'Ginormous crowd at IL state capitol today in union rights protest... https://t.co/IySHd1nFOz'|
|b"oh, see, now i'm going to explode. xoxo https://t.co/H7i3OwIuZS"|
|b'"These are the mice trying to bell the cat ? only they can?t get one mouse to go out and do it" https://t.co/RJFqFqIqAq'|
|b'RT @WillAtWork: So wait, was tonight\'s whole show about fake names? Trump\'s assorted aliases, "John Doe" in NJ, and fake signatures in Colo?'|
|b'RT @CBSNewsPress: .@maddow talks with @CBSSunday about depression, firearms politics and how she runs her show https://t.co/cilZrO6MF0 http?'|
|b"RT @MaddowBlog: Guess what's tonight!!\n\n#Maddow \n#LNSM https://t.co/Gn6rBIy3Q9"|
|b"RT @LeoShane: Angry @iava statement after today's passage of #VeteransFirst omnibus vowing to continue the #DefendTheGIBill fight https://t?"|
|b'Once more with feeling: the so-called split between the Repub party and its Presidential nominee is a made-up story https://t.co/rpZZPOHBpn'|
|b'Sometimes the headline is just exactly enough information. https://t.co/bdpywEr63f'|
|b'The so-called split between the Republican party and its Presidential nominee is a made up story https://t.co/oN6D6aeIB6'|
|b'The so-called split between the Republican party and its Presidential nominee is a made up story. https://t.co/oTbjf2fpeA'|
|b"I know I shouldn't be surprised by this stuff from the NRA anymore, but christ almighty... https://t.co/rHyYdOE1Ap"|
|b"oooh... so he's staying on the Trump list? https://t.co/hzo1gXZEcL"|
|b"Per NBC's @AliVitali the Trump campaign hereby says oops: https://t.co/pIg4NvAJfk"|
|b'The self-proclaimed "farmer and white nationalist" who did racist GOP primary robocalls for Trump gets a new gig: https://t.co/JBKT0klYWE'|
|b'RT @AndreaWNYC: 1) Trump taps Christie to pick top WH staff 2) Judge orders release of list of unindicted co-conspirators. 3 frmr CC aides?'|
|b'https://t.co/RNuCO7JLjI You know, Alabama might need a new Governor sometime soon... https://t.co/lrMkBRPpYC'|
|b'"I\'m crazy for democracy...I\'m insane for civil rights...I\'m out of my mind when I see people losing their manners"  https://t.co/RNuCO7JLjI'|
|b'RT @donnabrazile: Congratulations @JoyAnnReid on your remarkable success. Continue to soar!\n@maddow @ChrisHayesTV @AriMelber @CapehartJ'|
|b"RT @mlcalderone: Journalists' failure to challenge Trump's false claims in interviews a bigger problem than sheer volume of coverage. https?"|
|b'RT @adriejf: As always, amused by #BernieBros &amp; #HillBots both maintaining #Maddow supports the other candidate. https://t.co/nBUCVgfmuq'|
|b'"If I\'m not the candidate, I will do everything I can to make sure that Trump does not become President." @BernieSanders to me tonight.'|
|b'"Donald Trump represents a whole lot that I passionately hate... " @BernieSanders on MSNBC tonight'|
|b'"If people want to protest outside, absolutely, that\'s their right to do that... that is absolutely appropriate." @BernieSanders on MSNBC.'|
|b'Sen @BernieSanders "I am not comfortable with people disrupting other people\'s meetings... I\'ve had my meetings disrupted, I don\'t like it."'|
|b'Senator @BernieSanders supporters disrupted and protested outside the Clinton rally yesterday in L.A.. Sanders addresses that next -- MSNBC.'|
|b'Sen @BernieSanders on the Obama climate change record: "He\'s not been a disappointment, but I don\'t think he\'s done everything that he can."'|
|b'"Will you form an overt organization of some type [for your supporters after the election]?" @BernieSanders: "It\'s too early to say."'|
|b'Sen @BernieSanders on MSNBC moments ago: "I think we\'ve got to think about ways the Dem Party starts funding the equivalent of Fox News."'|
|b'Sen @BernieSanders on MSNBC and @POTUS both arguing today that news nets should stop emphasizing horserace coverage over issues for 2016.'|
|b'Sen @BernieSanders tells me on MSNBC that people are "a little bit tired of corporate media." Next, he gives his prescribed cure for that...'|
|b'Aren\'t caucuses less democratic than primaries? @BernieSanders: "I don\'t think we should dismiss the caucuses".'|
|b'Senator @BernieSanders says superdelegates are OK, but so many committing to @HillaryClinton early "stacks the deck in a very unfair way".'|
|b"Senator @BernieSanders says if he doesn't get the votes to secure the nomination, he will still plan a convention fight for the platform."|
|b'Senator @BernieSanders tells me he thinks his campaign is possibly on track to win 25 states in total. MSNBC just now.'|
|b'Senator @BernieSanders on MSNBC just now re the DNC: "So far, the deck is outrageously stacked against us."'|
|b'Tonight at 9PM ET MSNBC, @BernieSanders has specific advice for his supporters protesting Clinton rallies, makes a pledge for fall campaign.'|
|b"Tonight at 9PM ET MSNBC, @BernieSanders on his plans for the convention, what he thinks he'll win in the primary, his thoughts on FoxNews..."|
|b"We're in beautiful Vermont tonight for TRMS. @BernieSanders about to make a bunch of news in our interview  at 9pm ET on MSNBC..."|
|b'RT @CTVNews: Syrian refugees in Calgary help Fort McMurray evacuees https://t.co/kAe6GEG48Z https://t.co/jvBoYiWec4'|
|b"One love, true love! Super excited for your show, Joy. You're as good as it gets. https://t.co/sF0v5B0ts6"|
|b"Holy mackerel!  Ah god, I love you guys. 10 years! There isn't really an adequate way to thank you, but THANK YOU. https://t.co/CvdNHrI7HM"|
|b'This is going to be one of those nights where the A block gets filed under D for "doozy". MSNBC, 9pm Eastern.'|
|b"RT @repjohnlewis: 55 years ago today, I was one of 13 original Freedom Riders who set out to integrate America's buses. #goodtrouble https:?"|
|b'RT @vj44: .@POTUS with Little Miss Flint https://t.co/vAWKsHDdKV'|
|b'"You?ll see in coming days more solicitations to our donors asking them to support other progressive candidates? https://t.co/dyVpPyzvIz'|
|b'The great @SteveBenen has never had to make an overt Public Service Announcement before, but on this one I see why: https://t.co/jnjje9ArAd'|
|b"Not saying this to bum Dems out, but this is the time for them to start working/worrying on it if they're going to fix it by November."|
|b'Dems may hope anti-Trump feeling will drive "no" voters in the general, but neither Clinton nor Sanders has driven turnout for "yes" voters.'|
|b"Despite Dems wishing and hoping, Dem turnout for this primary is staggeringly low compared with 08. And yes, it's ok to compare with 08."|
|b'Obama lost Indiana to Clinton in 08 but still got more votes in that primary than Clinton&amp;Sanders got *combined* last night #DemTurnoutSucks'|
|b'RT @DannyEFreeman: "I understand that Sec\'y Clinton thinks that this campaign is over. I\'ve got some bad news for her," -@BernieSanders htt?'|
|b'RT @DannyEFreeman: Meanwhile... https://t.co/TktVnpcKsd'|
|b'RT @daveweigel: On the bright side, Cruz-Fiorina gear is going to be as valuable as Honus Wagner rookie cards.'|
|b"Something about this year's presidential race makes me wish I had a degree in US history. Current reading: https://t.co/SkzlPOTehM"|
|b"Surprise guest for The Interview tonight -- I can't believe we found him, I'm super excited for this. Intro starting now on MSNBC..."|
|b'...meanwhile, no censure from House of Representatives. https://t.co/nUqPSsLWIJ'|
|b'RT @Nate_Cohn: If Clinton and Bernie agreed all super delegates should vote with state, Bernie would still need to win all remain contests?'|
|b"I love you @WashingtonPost but I'm firmly against whatever you changed in the last week or so to make your website load so impossibly slow."|
|b'RT @thehill: JUST IN: Cruz denies an Indiana loss would end campaign https://t.co/havkimtVig https://t.co/CvEsxM1FGa'|
|b'RT @mksheikh: @maddow have you heard this one? https://t.co/f9n7nDAob9'|
|b'RT @moabmoron: @maddow Another great one is "In State" by Kathleen Edwards.https://t.co/f74SmJjmy8'|
|b'RT @BostonGlobe: The Red Sox are five games over .500 for the first time since the end of the 2013 season https://t.co/sAou9l3kLx https://t?'|
|b"Long time since I added a new one to my playlist of excellent songs about prison but oooh oooh here's one: https://t.co/toqw03AH9I"|
|b"RT @SandraBernhard: We're going striped bass fishing in #Sandyland @maddow bringing her brilliance wit &amp; passion @RadioAndySXM https://t.co?"|
|b'RT @PaulRieckhoff: Deepest thanks to @NBC, @MSNBC and esp Dr @Maddow for having me tonight to ensure @IAVA vets were repped at #WHCD. https?'|
|b'When all else fails, music does it: https://t.co/fnVnfLf2dg'|
|b'Truly, @CraigMelvin on @MSNBC and @LarryWilmore were great but if you need a WHCD antidote, my best Rx is this: https://t.co/fnVnfLf2dg'|
|b"RT @NPR: Weasel Apparently Shuts Down World's Most Powerful Particle Collider https://t.co/KzCTPSbjn1"|
|b'AMTRAK'|
|b"Jane Sanders here tonight on TRMS, 9PM ET, MSNBC. Also some head-snapping new political numbers in tonight's A-block."|
|b'RT @stevebenen: An important, uncontroversial ambassadorial nominee had to wait 11 months for a vote. The Senate is a silly place. https://?'|
|b'Congress sees no need to censure him, but the Wrestling Hall of Fame at least is worried about its image: https://t.co/5k93naKyt6'|
|b'Ha ha ha ha ha! I just forgot and did it again! https://t.co/1FSGhtO9Nf'|
|b'Preserve this in amber. Someday we will need to pass this around to prove to people what the GOP was in 2016. https://t.co/YMSCpjxHv0'|
|b'RT @mkraju: "You can\'t build a fence to keep them out and the mosquitoes won\'t pay for it," Barbara Mikulski, invoking Trump, calling for Z?'|
|b'RT @BraddJaffy: Bernie Sanders to "reassess" his campaign after tonight, though he\'ll stay in the race https://t.co/giljp3TcZ4'|
|b"See? Now you need to have me back. Also, check's in the mail -- my insurance says they'll cover my calls to you. https://t.co/BgZMKavioD"|
|b"I don't know why I do therapy in public on @LeBatardShow but I do and it helps.  Love those guys."|
|b'RT @gdebenedetti: "I spent an enormous amount of time convincing my supporters to support him. ... That is what I think one does." https://?'|
|b"RT @gdebenedetti: Clinton's full answer to @maddow on the question of her and Sanders' role uniting Democrats: https://t.co/uZ2s3lh39a"|
|b'RT @stonermc: i now want to see what happens during the ads!!!  #maddow'|
|b'In Philly for #MSNBCtownhall with @HillaryClinton -- evidence of Kasich-mania spotted en route! https://t.co/5Tb8EvscDb'|
|b'"How a human being would choose to put something like this in writing is difficult to understand" https://t.co/Rlabi2Ijow'|
|b'RT @MSNBC: MONDAY: @HillaryClinton joins @maddow for a Philadelphia town hall! https://t.co/Okpbty0hun'|
|b"RT @MaddowApp: Read Prince's In-Depth Billboard Cover Story From 2013 https://t.co/cLcsHxGRkk #Maddow"|
|b'RT @prince: I am #transformed'|
|b'RT @deathsdoor: ?? how @maddow celebrates #harrietttubman on $20 bill. DD #gin from great state of #Wisconsin. #cocktails https://t.co/iDPB?'|
|b'My night/week/month is hereby made. Thanks back to you, sir! https://t.co/i8TgMNkeTt'|
|b'"Occasionally, the governor?s actions are more repulsive than funny": https://t.co/IrPaxdGNMM'|
|b'Faucet filters generally rated to filter lead up to 150 parts per billion https://t.co/pq1SUrBoxE https://t.co/fQ9oiui3Kn'|
|b'15 parts per billion is the federal threshold for action on lead. New Flint test shows one home at 22,905 https://t.co/dPcyVH7k3q'|
|b'New Flint lead test results just posted, including one house with the worst lead level yet https://t.co/DUSRn9jILg https://t.co/n7DF4pT9EF'|
|b'RT @MaddowBlog: "BERNIE &amp; HILLARY" ? A Bad Lip Reading https://t.co/0wLhJgQNf5 #Maddow'|
|b'RT @MaddowBlog: TIME 100 PIONEERS - Marc Edwards and Mona Hanna-Attisha -By Rachel Maddow https://t.co/Dq1mke2erw'|
|b'Gov Charlie Baker reaction: "I\'m not paying too much attention to the Kinder Morgan project" https://t.co/BLOREcI7Kd Gee thanks, Gov.'|
|b"I'm in NYC tonight, but I can hear all of my beloved 413 area code from here, raising the roof over this: https://t.co/BLOREcI7Kd"|
|b"RT @ACLUofMichigan: ACLU of Michigan's @CurtGuyette will be on @maddow tonight at 9 p.m. to talk  #FlintWaterCrisis https://t.co/LRD2Dsq0IP"|
|b'.@CurtGuyette will be on https://t.co/qNu8StupU0'|
|b'RT @markknoller: Network evening newscasts all leading tonight with first criminal charges filed in the Flint water contamination case.'|
|b'"Special interest groups want to privatize the VA and nobody is paying attention" https://t.co/SGMy2jsemj'|
|b'RT @jpodhoretz: I was wrong. GOP turnout in 2000 more like 750,000 (each vote for delegate counted separately) so turnout this year was his?'|
|b"Here's the 2000 turnout numbers from the FEC https://t.co/fB42DNJckv See the little note at the end that says you have to divide by 3?"|
|b"Nope, not wrong.  Triple check those 2000 numbers you're looking at. https://t.co/3Oz4K96yrK"|
|b'RT @jeneps: AP: Devine says Sanders "will see how it does next week in PA, MD, DE, RI &amp; CT &amp; then \'assess where we are.\'" https://t.co/r4VB?'|
|b"RT @AdamBlickstein: Powerful image of Susan B. Anthony's gravestone from today's NY primary https://t.co/SnS8MtQ97X"|
|b'RT @mmurraypolitics: Weaver to @SteveKornacki: "We are going to go to convention. It is going to be an election decided by superdelegates."'|
|b'RT @DavidCornDC: On MSNBC, Weaver says campaign (if behind) will spend June/July trying to flip super-Ds to BS rather than unite behind HRC.'|
|b'This is amazing -- @SteveKornacki and Sanders Campaign Manager Jeff Weaver right now on MSNBC...'|
|b"RT @PaulRieckhoff: It's gotten a small bit of press. I think @maddow was first w this: https://t.co/DtCOmsWoDR But not nearly enough. https?"|
|b'RT @MaddowBlog: Rachel Maddow is on the air tonight starting at 8pm for NY primary coverage. https://t.co/Qfb2gxJlNW'|
|b'Mulling a petition to get @SteveBenen to un-edit this piece. Reinstate the double entendres! https://t.co/OS9hGbNiEx'|
|b'RT @JoyAnnReid: Now, now @maddow, you know the men-folk have this whole pregnancy thing totally under control. Why bring the lady-folk into?'|
|b"RT @jimananich: Looking forward to speaking with @maddow tonight on @onetoughnerd's #FlintWaterCrisis plan announced today. Tune in at 9:00?"|
|b'RT @laurahancock: At @WYGOP convention, no one manning @realDonaldTrump table. #wypol https://t.co/zAG4khSnVd'|
|b'"I\'m the governor. I had to have money. I had to buy something to eat." https://t.co/MvVfUVaz6x'|
|b'Aide who called mayor of Ft. Lee an "idiot" during Bridgegate, fired by Christie, now working for Christie\'s Lt Gov https://t.co/qCixA4lKTZ'|
|b'Conservative icon Phyllis Schlafly says her daughter is leading a coup against her, but her 3 sons are on her side: https://t.co/GvFZ2UUzVd'|
|b'Clueless anti-abortion legislature/gov bumble into forcing taxpayers to fund reproductive rights group: https://t.co/ToYzdCgEqJ'|
|b"Walked to work today, saw lots of Verizon workers on strike, NYers giving thumbs up. Video on why they're striking: https://t.co/So06mWlmFf"|
|b'RT @Latinatude: Maybe the Andy Warhol art thieves already had the Consomm?, Pepper Pot &amp; Mushroom soup paintings. They were completing thei?'|
|b'RT @sbauerAP: .@ScottWalker says presidential campaign T-shirts can be framed or used for "crafty things" like turning into a pillow or bag'|
|b'RT @sbauerAP: .@ScottWalker is giving away "free" presidential campaign T-shirts for a $45 donation, but he can\'t guarantee size or color'|
|b"RT @VaughnHillyard: The Campaign Shoes have retired tonight. You'll be seeing the next generation in a town near you soon. https://t.co/kdl?"|
|b"RT @MartinOMalley: The rumors are true: looking forward to visiting w/@maddow tomorrow. Can't promise any kilt conversations this time. Tun?"|
|b"Fell down an excellent rabbit hole of funny Texas campaign music videos while working on tonight's A-block: https://t.co/8AzpjtSnZf"|
|b'RT @Jeopardy: .@Maddow hosts the #BESTNEWTHINGINTHEWORLD category today on J! Check out this clue and tune in to uncover the rest:\nhttps://?'|
|b'RT @kailanikm: John Kasich came in 3rd in every single congressional district in Wisconsin last night. Most were not even close.'|
|b'RT @mmurraypolitics: Math Part 1: Sanders outspent Clinton nearly 3-to-1 in WI, beat her by 14pts, but gained just a net of 10 delegates, p?'|
|b"Hey @NicolleDWallace -- don't say I never gave you nothin! My gift to you: https://t.co/flI7FGqEgx"|
|b'RT @GottaLaff: I feel a @maddow segment coming.... https://t.co/QVoYGIVbbE'|
|b'RT @weatherchannel: Whoa! A "tumbleweed #tornado" was spotted in Albuquerque, New Mexico. #NMwx https://t.co/Sl3OirWHRD'|
|b'"Have you spoken to the governor since this scandal broke?" "No, I have not." https://t.co/0N1ZCYkpjr'|
|b'"Should the need arise, we\'ll implement that plan, and the people of Alabama will have a smooth transition" (video) https://t.co/0N1ZCYkpjr'|
|b'With impeachment proceedings now pending, Lieut Gov says she has a transition plan in place, is ready to take over: https://t.co/0N1ZCYkpjr'|
|b'RT @SteveKornacki: (Early) WI exit poll: If no one comes to Cleveland with delegate majority...\nNominate candidate w/ most votes 56%\nDelega?'|
|b"RT @SteveKornacki: WI Dems are much more liberal now than in '08:\n\nVery liberal 25% (16% in '08)\nSomewhat liberal: 43% (30%)\nModerate: 27%?"|
|b'Now I want to do a guest DJ hour (whole evening?) somewhere just with songs about nukes. Great responses, youse. #HappyBirthdayTomLehrer'|
|b'Accepting nominations today for America\'s best-written song about nuclear missiles. My offer: "The Temptation of Adam" by Josh Ritter.'|
|b'Lawyer says he has unseen records from DC Madam escort agency that have bearing on the 2016 presidential race. New news on that: 9pm, MSNBC.'|
|b"We've got some news to break tonight on the unreleased DC Madam phone records... 9pm ET, MSNBC."|
|b"Thanks, Gov Bentley! This is the kind of joyI might miss if i weren't obsessively reading Alabama news every day now https://t.co/H3lYZ6SIER"|
|b'https://t.co/wl7U7Yyvxv'|
|b'BREAKING Fed Court in Mississippi blocks state gay adoption ban (as legislature passes new LGBT discrimination law) https://t.co/VLq50obLC9'|
|b'Women are already being prosecuted for having abortions: https://t.co/j5IKLkJ53Z'|
|b"I'll be on the @TODAYShow at 7AM eastern talking about exactly what you think I'll be talking about."|
|b'Kind of a big night around here...'|
|b'My exclusive interview with @BernieSanders starts at 10PM ET, MSNBC...'|
|b'My exclusive interview with @HillaryClinton starts at 9PM ET, MSNBC...'|
|b"Extensive, on-camera response to @realDonaldTrump's abortion comments from both @HillaryClinton and @BernieSanders -- MSNBC starting 9pm ET."|
|b'RT @Nick_NoHeart: Oh cmon https://t.co/83ycLPNUXW'|
|b'"Gov Robert Bentley tries to keep job as politics burns Alabama to the ground" https://t.co/Y73naxGlS1'|
|b"RT @kyledcheney: @kyledcheney PSA to a couple very confused people: I'm not related to Dick Cheney, and I was quoting Lindsey Graham."|
|b"RT @MaddowBlog: And note that #Maddow's 9pm Clinton/Sanders interviews will likely run past the usual 10pm endpoint."|
|b'RT @MaddowBlog: Just announced: March 30, 9pm ET, Rachel #Maddow has back-to-back extended interviews with Hillary Clinton and Bernie Sande?'|
|b"RT @shaqbrewster: You know you've been on the campaign trail too long when you have an urge to live tweet the sermon. Fortunately, I fought?"|
|b'RT @DangerNoodIe: snek not only believe in the america, but alsno each every indivindual no matter how smol. snek believe in you. https://t?'|
|b'RT @JoeD4OK: This cut is devastating for many Oklahomans. It could mean the difference in life &amp; death for some \nhttps://t.co/uyKwKirPId'|
|b'RT @aseitzwald: Getting excited for March 29, a.k.a. Regular Tuesday, when 0 delegates are at stake. https://t.co/NjmaIWxSmM'|
|b'RT @jacobsoboroff: Do we go to the drama room next? Auditorium? Cafeteria? So much caucusing! #UtahCaucus @MSNBC https://t.co/rr6u4NTPQ7'|
|b'What is this ?puppy midterm stress session? of which you speak, @DannyEFreeman, and why don?t we have them at msnbc? https://t.co/Wg4UFWuJqw'|
|b'Extra difficult Friday Night News Dump tonight -- 9pm ET, MSNBC.'|
|b"RT @RalstonReports: Yes, it's true! Sharron Angle has filed for the U.S. Senate. Happy days are here again, except for @RepJoeHeck.  https:?"|
|b'What @BernieSanders told me about the prospect of the *Dems* taking their fight to the convention, too, this year: https://t.co/s9AM3VOshW'|
|b"Belt! It's my belt! I swear! https://t.co/4kpDBU4wsi"|
|b'Senator @BernieSanders is live with me on MSNBC tonight, 9pm ET...'|
|b"Yes! Confirmed! @BernieSanders joins me live for his first interview since his tough night in Tuesday's contests. 9PM ET, MSNBC."|
|b'Rick Snyder admits emergency management failed in Flint water crisis https://t.co/Nc5ebcAb4u "That would be a fair conclusion," Snyder said.'|
|b'RT @Local4News: WATCH: Rep. Cummings to Gov. Snyder: You can\'t be trusted... you gotta resign." #FlintWaterCrisis\nhttps://t.co/JqmOmz7J54'|
|b'"Flint is not much different than it was in September, except you can go to the fire station and pick up water" https://t.co/clFNd3tW5Y'|
|b"RT @Local4News: Snyder: We're out to talk to every person in Flint. Heard in crowd: You kidding me? https://t.co/ZxgXHkdBs2"|
|b'RT @cspan: .@RepCartwright "Governor Snyder, plausible deniability only works if it\'s plausible." #FlintWaterCrisis\nhttps://t.co/ZuXjDEeTcp'|
|b'RT @abbygoodnough: Hearing over, Gov Snyder leaves quickly thru back door as a few reporters shout "Will you resign?"'|
|b'RT @abbygoodnough: Rep. Cummings to Gov. Snyder as hearing wraps up: ?I?ve got to tell you - you?ve got to resign.? A few in hearing room c?'|
|b'RT @abbygoodnough: Gov. Snyder gets some hisses, hoots from #Flint residents in hearing room when he says his administration is out offerin?'|
|b'I get why Repubs in Congress are doing this, but how does it serve the people of Michigan for Gov Snyder to try to blame Flint on EPA?'|
|b"The Republican and Democratic committee members' questions at this #FlintWaterCrisis hearing are from completely different planets."|
|b"RT @MaddowBlog: It just started raining in New York City, but don't worry, we're keeping our poof powder dry.\n#Maddow"|
|b'One important aspect of the way that @realDonaldTrump reacts to violence and disruption at his events that has been overlooked: 9PM ET MSNBC'|
|b"Now that I've tucked away the vexilar and the auger, I hereby guarantee some new, inexplicable deep freeze for the end of March."|
|b"RT @mmfa: Rachel Maddow: Violence at Donald Trump's events is not an accident: https://t.co/8cVYREzsOB https://t.co/s1ohwoaLtY"|
|b"RT @ConnieSchultz: This is the Rachel Maddow segment chronicling Trump's incendiary rally rhetoric. https://t.co/8XmJEHjweC via @msnbc"|
|b'It\'s nice to get a clear, unqualified "I\'m sorry" instead of the standard politician "if you felt x or misunderstood me, i\'m sorry".'|
|b"RT @HillaryClinton: Hillary Clinton?s statement on her comments about the Reagans' record on HIV and AIDS: https://t.co/RtIs0zpJfk"|
|b'?! https://t.co/qLi3f1Hik0'|
|b"Tonight: Senator Elizabeth Warren's first TV interview since the start of the 2016 primaries @SenWarren 9PM ET, MSNBC."|
|b'RT @chrislhayes: Man charged w/ punching protester at Trump rally: "?Yes, he deserved it. The next time we see him, we might have to kill h?'|
|b"Big night around here! Tonight 9pm ET on MSNBC, I'll be joined by both @HillaryClinton and Sen Elizabeth Warren @SenWarren #WhoRunTheWorld"|
|b'"Clinton \'truly distraught\' by Trump rally assault" https://t.co/maBmC1RxmJ Full interview airs at 9PM ET tonight, MSNBC.'|
|b'"Clinton \'appalled\' after punch thrown at Trump rally" https://t.co/gupi7ZwVCm See the full interview tonight at 9pm ET, MSNBC.'|
|b'Tonight, 9PM ET on MSNBC, my exclusive interview with @HillaryClinton'|
|b'"My kids were embarrassed by it, and if I had to do it again I wouldn\'t."  @MarcoRubio tells @ChuckTodd tonight on MSNBC, 8PM ET'|
|b"RT @rrgarver: John Kasich's path to victory, in one GIF. https://t.co/CT2TqQh5yr"|
|b'RT @ConnieSchultz: .@RachelMaddow, you know I love you but: No.'|
|b'RT @MSNBC: Special election coverage with Brian Williams, Rachel Maddow &amp; Chris Matthews starts tonight at 6 p.m. ET on @MSNBC! https://t.c?'|
|b'RT @AlecMacGillis: Rubio endorsed by just about every big R in Kansas (Dole, Brownback, Roberts.) Finishes 3rd.'|
|b'RT @DannyEFreeman: Average donation? $27. Haircut in Kansas? $7. https://t.co/lN9Ekdfbki'|
|b'RT @SandyLeeTV: When #TinaFey truly knows more cheese than @maddow #knowitall #FallonTonight #chevreisgoatcheese @FallonTonight https://t.c?'|
|b'RT @JECarter4: White supremacist, Matt Heimbach, from Trump rally on #Trump: "What he\'s doing is great for us." #maddow https://t.co/Lg2QkK?'|
|b'About to be on @FallonTonight in a way that does not speak well of the depth of my understanding of goats.  NBC right now...'|
|b"RT @ShuttleCDRKelly: My brother @StationCDRKelly is back home on our planet! Talk about aliens. He's been off the planet for a year. https:?"|
|b'Let us give thanks for the one state that gives us both Twinkle Cavanaugh and Young Boozer for Super Tuesday https://t.co/jxaGEhsLaK'|
|b'The thing in 2014 that "cracked the seal" for what\'s happening now in the GOP presidential race... https://t.co/cWtbrKmLtW'|
|b'RT @washingtonpost: From @Maddow:What does it say about the GOP that Trump is the white supremacists? candidate? https://t.co/TZAQS7jK1Z ht?'|
|b'New wave of data shows Clinton winning black vote 87%-13%. (First wave of data showed her winning black vote 84%-16%).'|
|b'No sooner tweeted than we just got a new wave of data\n\nDem voters identifying as "liberal"\n\nSC\n\'08: 44%\n\'16: 54% (first wave had said 52%)'|
|b'Pattern holds. Dem voters identifying as "liberal"\n\nIA\n\'08: 54%\n\'16: 68%\n\nNH\n\'08: 56%\n\'16: 68%\n\nNV\n\'08: 45%\n\'16: 70%\n\nSC\n\'08: 44%\n\'16: 52%'|
|b'Will pattern hold? Dem voters identifying as "liberal"\n\nIA\n\'08: 54%\n\'16: 68%\n\nNH\n\'08: 56%\n\'16: 68%\n\nNV\n\'08: 45%\n\'16: 70%\n\nSC\n\'08: 44%\n\'16: ?'|
|b'I always forget, and then it makes me laugh every time I do it: https://t.co/gJ3xBQg9wE'|
|b'Nick, now you have to post a picture of the tacos... https://t.co/xhz370peqQ'|
|b"Aw, jeez, great. Thanks for the pics, especially. I'll never sleep again.  https://t.co/pDPleHeKBH"|
|b'Interesting. Does this means the @TedCruz hold on the Flint bill will be "cleared up"? https://t.co/uFAqmJ6kTR'|
|b'RT @SenStabenow: Update on Flint negotiation: hearing good things, adding Republican support. Hoping to see votes next week. #StandWithFlint'|
|b'Hey Dan, I think it\'s melted shortening (see how she says "or oil"?) not melted peanut butter. But let\'s try both! https://t.co/cPBucFDUsx'|
|b'in an undisclosed location in an undisclosed nbc news bureau, behold the candy drawer that puts all others to shame: https://t.co/mRJdf7IshI'|
|b'RT @Malcolm_Frost: Pentagon Hall of Heroes @USArmy Swearing-In Ceremony 4 Alissa M. Starzak, #USArmy General Counsel @PatrickMurphyPA https?'|
|b'RT @Malcolm_Frost: Pentagon Swearing-In Ceremony for Patrick J. Murphy, 32nd Under Secretary of the @USArmy @PatrickMurphyPA @SECARMY https?'|
|b"RT @AJEnglish: 'Lady SOS': The woman saving Syrian refugees at sea https://t.co/6w2YNeh6wq https://t.co/dFwVYeOFaQ"|
|b'vegas is awesome so far... #NVcaucus https://t.co/HwVlGc6uUx'|
|b'I swore and threw something when I saw this. God bless you, Senator @clairecmc... https://t.co/6p2UpS3BOf'|
|b'(Last tweet was duplicative of that thing I posted earlier, but in an easier to read format. Sorry for the formatting nerd indulgence).'|
|b'Proportion of Dem caucus-goers and voters identifying as "liberal":\n\nIA\n2008: 54%\n2016: 68%\n\nNH\n2008: 56%\n2016: 68%\n\nNV\n2008: 45%\n2016: 70%'|
|b'Despite big rise in GOP primary voters calling themselves "conservative" in SC &amp; NH, same is not true for IA:\n2008: 88%\n2012: 83%\n2016: 85%'|
|b'Rise in SC &amp; NH GOP primary voters calling themselves "conservative": \n\nNH:\n2008: 55%\n2012: 53%\n2016: 71%\n\nSC:\n2008: 69%\n2012: 68%\n2016: 81%'|
|b'From \'08 to \'16, Dem caucusgoers/voters identifying as "liberal" rose in IA from 54 to 68%, in NH from 56 to 68%, and in NV from 45 to 70%.'|
|b'Watch out for @SneakyWendy ...'|
|b'https://t.co/uQJThEkjXj https://t.co/eIKATzthD1'|
|b'"There is no genuine precedent for refusing to act on a SCOTUS nomination b/c of an impending presidential election" https://t.co/qemSQxAYFI'|
|b'"Honoring traditions is one thing; making up traditions that don?t actually exist is something else" https://t.co/A3X9MgoTuC'|
|b'RT @CatholicDems: .@VP to @Maddow on @Pontifex: "I love that guy." #Maddow'|
|b'RT @MSNBC: JUST IN: @NBCNews confirms prominent South Carolina Rep. Jim @Clyburn will endorse @HillaryClinton on Friday.'|
|b'RT @MaddowBlog: #Maddow arriving at Union Station in St. Paul for the interview with VP Joe Biden. Watch tonight at 8pm ET! https://t.co/1Z?'|
|b"Thank *you* for the time, Mr. Vice President. Let's do it again soon! https://t.co/naZsPnPVpA"|
|b'This is sobering: "Temporary resettlement... needs to be on the table" #FlintWaterCrisis https://t.co/ofDJiGqche'|
|b'Just announced: Special edition of TRMS tomorrow/Thursday night at 8pm ET. One-on-one with @VP Joe Biden. Details to come...'|
|b'About to break some news with Craig Melvin on MSNBC right now -- 3pm ET...'|
|b'The replies to this tweet have restored my faith in the comedic capacity of the American people #MakeAmericaLOLAgain https://t.co/4lBcawN2sh'|
|b"Best contender so far for a single headline that captures what's going on in the GOP presidential primary: https://t.co/B8ylv7F8GK"|
|b'"The heads are on private property and not part of an active tourist attraction" https://t.co/t4OQl0TGiK'|
|b'As local news goes, this one has it all: nearly nude cooking, puzzling condom reference, OB/GYN surprise ending https://t.co/h3RbpaMX72'|
|b'RT @cspan: Pres Reagan "to fulfill our constitutional obligation of restoring" #SCOTUS to full strength https://t.co/kz218scmJL https://t.c?'|
|b"RT @HillaryClinton: Obama is president until Jan. 20, 2017. It's his job to nominate a justice, the Senate has a responsibility to vote. ht?"|
|b'RT @StephaniePNews: MUST SEE: The inside of pump on 2014 #Flint fire truck. At 10 on @WSMHFOX66 why water is to blame #FlintWaterCrisis htt?'|
|b'This debate is tailor-made for Jeb Bush to win, but he just cannot get out of his own way.'|
|b'RT @igorvolsky: By my count, 18 Supreme Court Justices have been confirmed by the Senate during presidential election years https://t.co/tH?'|
|b'RT @SenStabenow: Thank you @chfund for saying yes to my request to help the children of #Flint with your mobile medical unit! https://t.co/?'|
|b'RT @SenGaryPeters: One year ago today, the Clay Hunt Suicide Prevention for American Veterans Act was signed into law #ClayHuntSAV https://?'|
|b'Tonight on MSNBC, 9pm ET -- "TRMS Special Report: Breakthrough in Flint"\n#FlintWaterCrisis'|
|b'Our Flint coverage started last year with a Special Report. Tonight, a new TRMS Special Report: Breakthrough in Flint. 9pm ET MSNBC.'|
|b'Aforementioned dognose... https://t.co/lDN2e8yhVn'|
|b"Gravitational waves - woot! But the pic used in every story on it really looks like my dog's nose https://t.co/kT91bIfjgY Very distracting."|
|b"Swapping running mates midstream! That's a new one... https://t.co/qDhiSv5TaQ"|
|b'RT @CONCACAF: Goal USA - No. 12 Christen PRESS @ChristenPress || @ussoccer_wnt @Fedefutbol_CR #CWOQ2016 https://t.co/0PCr0FwsQA'|
|b'Please no one start the hashtag #PickingAtHisCadaver\nhttps://t.co/PQDgJGGpxn https://t.co/9eLatHCp38'|
|b"Even before he quit today, @ChrisChristie 's hometown press continues to just *blister* him https://t.co/PQDgJGGpxn https://t.co/QETi0hHyBk"|
|b'Gut-wrenching news from Erie County NY -- 23 dead in 11 days?? https://t.co/B9FXJ09wgn'|
|b"Today's right-on-the-money example of why the political critique of Wall Street works so well right now: https://t.co/sDCO7BL8Nx"|
|b"I think @SteveBenen is exactly right on Jeb. (Steve is always right on everything, but he's extra right on this). https://t.co/nhwlptt2ws"|
|b'Asked @HillaryClinton today about "honesty and trustworthiness" concerns -- got this intense, passionate response: https://t.co/bUJ5HNVbcp'|
|b'RT @Lawrence: Rachel and I are warming up the election night studio in NH tonight. https://t.co/yc0iR7Vmyp'|
|b'Bernie Sanders tells Manchester NH rally today, "In NH, we started 30 points back, but I think we\'re gonna do just fine tomorrow!"'|
|b'"Why? I\'ll tell you why: because they are afraid of me." @HillaryClinton tonight in final national interview before #NHPrimary 9pmET MSNBC'|
|b'RT @JamesMAstill: In snowy Manchester, NH, this is one tough satirist. @realDonaldTrump should hire him https://t.co/Bo5FniCztL'|
|b"We've got @HillaryClinton 's final national interview before the polls open in NH: tonight, MSNBC 9pm ET."|
|b"RT @johnpodesta: There is zero truth to what you may be reading. It's wrong. Hillary stands behind her team, period."|
|b'Two simultaneous Clinton ropelines at Manchester Community College #NHPrimary https://t.co/ArgQRy1bnt'|
|b'"For all of you who are still deciding, still shopping, I hope I can close the deal" #NHPrimary https://t.co/yByDCtVoI0'|
|b'Pres Bill Clinton and Chelsea Clinton talking to a big crowd at Manchester Community College -- HRC up next. https://t.co/t9JHEyhR0l'|
|b'"This is what I was sent to do, meant to do, trained to do. Everything in my life has prepared me to do this" https://t.co/fPxQz0wTcB'|
|b'As a Pats fan, not sure who to root for (other than Beyonce).'|
|b"RT @PrezSelfieGirls: Thank you @maddow !!! It's great finally putting a face to the voice we've heard through podcasts over the years!! htt?"|
|b'RT @MarcNo: When @gov_gilmore met @maddow \n#nhpolitics https://t.co/DXjQTealy3'|
|b'Setting a new personal record for coffee consumption today. #NHPrimary'|
|b'A great start! "You beat the crap out of me for years, you expect me to voluntarily come on your program?" https://t.co/iWKiCbC0XP 9pm MSNBC'|
|b'RT @MaddowBlog: Does he seem surprised? He was probably surprised. :)\nWatch tonight! https://t.co/CHe5FBKzl6'|
|b'RT @Jay1043: Trent &amp; Joe - @UnionLeader team that listened to their readers and made a final #DemDebate a reality. #nhpolitics https://t.co?'|
|b'RT @rivera: Scene from #DemDebate prep with @maddow @chucktodd and a cameo from @BraddJaffy https://t.co/pGBA2TFMol'|
|b'RT @MaddowBlog: OMG guess what happened! \n#Maddow https://t.co/nsSOWgQot6'|
|b"full disclosure: that tree is really in the way. if I get closer, may turn out it's the Curly RV #NHPrimary https://t.co/OobKSKq1sO"|
