|b"We're Here. ? \nAdd Us On #Snapchat: TMZ_TV https://t.co/3fxsttTwso"|
|b"Robin Thicke -- My GF's Acute Angle (PHOTOS) https://t.co/aYmw3xIcK4"|
|b"For those of you who know you're the sh*t! Get this shirt and more at https://t.co/UwJAMpaUzl https://t.co/itzg6vsk8c"|
|b'Ana Ortiz: Are Topless Maids The Way To Go? #TMZTV https://t.co/RsjP9mRKMR'|
|b'#RockRants with @iamErica_Mena spilling tea on Bow Wow, Posing NUDE, and beating up Love and Hip Hop castmates. https://t.co/JNVHCexUGt'|
|b'OMG! This chick looks JUST LIKE KIM KARDASHIAN: scary &amp; entertaining as hell (via @fishwrapped) https://t.co/iIP0TVPjHE'|
|b'Bella Hadid -- TMZ Photog Offers Fashion Tips (VIDEO) https://t.co/u4DB9zq3At'|
|b'Baby on board! Blac Chyna shares first pic of her bare bump! (via @toofab) https://t.co/lXeUxB1bib'|
|b'Yo Gotti Sues After His Ferrari Was Taken For A Joyride! #TMZTV https://t.co/LBRZGa0MvY'|
|b'The TMZ Tour is SO MUCH FUN!! Book Your @TMZTour Today: https://t.co/Aa6Qj14ApL https://t.co/tT30X6R2et'|
|b"MLB's Robinson Cano -- Screens 'Ninja Turtles' For 150 Kids https://t.co/fbnlt9uUUj"|
|b'Charlotte McKinney -- Hollywood Can Be So Cold (PHOTO) https://t.co/1Jk2dhfjSM'|
|b'Andrew Bynum -- Blondes Have More Fun https://t.co/Pyipv8g4YL'|
|b'Leonardo Dicaprio, Rihanna and Nina Agdal: Three?s A Charm? #TMZTV https://t.co/z7DysqP3hU'|
|b'Goodness Gracious! Kim Kardashian FINALLY Shows Off Her Cakes For The First Time Since GIVING BIRTH (via MTO) https://t.co/jjAZbDbwQl'|
|b'Khloe Kardashian -- This is What Divorcing Looks Like (PHOTOS) https://t.co/Z94FGcfIF6'|
|b'Oh HELL no: Carrie Underwood calls herself fat?! (via @fishwrapped) https://t.co/vw77bHcitT'|
|b"Hot damn! You gotta see what Khloe &amp; Kourtney just wore to Scott's Las Vegas birthday bash (via @toofab) https://t.co/KHevVUJlJF"|
|b'Brace Yourself: Lindsay Lohan As The Lead In ?Gossip Girl? Was Almost A Thing (via @gossipgirl) https://t.co/EaSlnBKpnR'|
|b'#RockRants with @iamErica_Mena spilling tea on Bow Wow, Posing NUDE, and beating up Love and Hip Hop castmates. https://t.co/LBeLf2a76y'|
|b'Mally Mall -- Beloved Cat on Ice ... Next Stop ... Taxidermist https://t.co/eEUmiggt8b'|
|b"Jennifer Lawrence vs. Olivia Munn -- Who'd You Rather? (X-Men Edition) https://t.co/bJCI1PVLjV"|
|b"Why the Kardashians?! Everyday you ask so we'll leave this right here.\nhttps://t.co/sT1KhMKHhw"|
|b'Selena Gomez Mocked By Amy Schumer In Hilarious ?Inside Amy? Skit ? Watch (via @hollywoodlife) https://t.co/mqeQyrZI5d'|
|b'Jordan Peele: Eloping Is The Way To Go #TMZTV https://t.co/rDpM7PLPmj'|
|b'Rob and Blac Chyna -- Massive Cover-Up at Vegas Pool Party (PHOTOS) https://t.co/HXtqWVFY6z'|
|b'Eden Wood &amp; Honey Boo Boo graduate 5th grade ? and WOW, wait?ll you see ?em now! (via @toofab) https://t.co/nTXBX4rK6o'|
|b'A few RARELY-seen Baywatch stars just reunited for the first time in YEARS (via @toofab) https://t.co/VUoLOHl6J1'|
|b'Beyonce Shows Off NEW AND IMPROVED BODY In Toronto ? That Butt Is PERFECTION! (via MTO) https://t.co/r9neua0LpC'|
|b'Tony Hawk -- Skate Ramp + Basketball = Awesome (VIDEO) https://t.co/FEhV3Indp4'|
|b'Mmmm CHOCOLATE! ? Get the TMZ Candy Bar now! https://t.co/4tBe2V4KoA @sweetstorela https://t.co/DyuZZxdOjs'|
|b"The Jerry Maguire kid got HOT -- wait'll you see his buff shirtless selfie (via @toofab) https://t.co/UBiyV8TbMj"|
|b'Kim, Kourtney, Khloe, Kylie, &amp; Kendall May Be Coming To A Theater Near You! (via @gossipgirl) https://t.co/BirzzeX6E3'|
|b'Erin Andrews Accidentally Reveals a DWTS Star?s Pregnancy #TMZTV https://t.co/OrOiLWmblA'|
|b'Bella Thorne -- Curves On The Roadside (PHOTOS) https://t.co/HYlC052Ucs'|
|b'Mariah Carey Wears Bra Top With Sheer Shirt, Shows Off Her Trim Figure (via @etnow) https://t.co/etf1VtH6EA'|
|b"Robin Thicke -- My GF's Acute Angle (PHOTOS) https://t.co/WeHfO38FlL"|
|b'Charlotte McKinney -- Hollywood Can Be So Cold (PHOTO) https://t.co/vcRkCNldgI'|
|b'Paris Jackson attends prom w/ female friend -- see how they matched! (via @toofab) https://t.co/FawPtFWfF6'|
|b'Amber Heard -- All Smiles after Lawyer Pow Wow (PHOTOS) https://t.co/wA981nUWSw'|
|b'Is Kylie Jenner Preparing a MASSIVE Lawsuit Against Tyga?! (Via MTO) https://t.co/MabgZP3ssB'|
|b'Patrick Dempsey?s Bad At Divorce #TMZTV https://t.co/yFsSbQifqt'|
|b'The only onsie your babies need is at https://t.co/UwJAMpaUzl https://t.co/oM8xt79r7B'|
|b'Should Kelly Osbourne Be BANNED From Twitter For This?! (via @gossipgirl) https://t.co/h0VATynWHa'|
|b'#RockRants with @iamErica_Mena spilling tea on Bow Wow, Posing NUDE, and beating up Love and Hip Hop castmates. https://t.co/WHdOscco5U'|
|b'Trista &amp; Ryan Sutter?s kids remind us how long it?s been since Season 1 of #TheBachelorette (via @toofab) https://t.co/bigdGzUys1'|
|b'And Now, A Happy Family Moment From Beyonc?, Blue Ivy and Matthew Knowles (via @vibemagazine) https://t.co/EP0g7JdAq2'|
|b'Johnny Depp -- Daughter Throws Shade on Amber Heard https://t.co/ncyXjUecjv'|
|b'Khloe shared a little story about getting her first piece of lingerie: DISTURBING (via @fishwrapped) https://t.co/8zcFAibWcF'|
|b"Draya Michele Orlando Scandrick -- We're Set in Our Ways (PHOTOS) https://t.co/zM1VmAX4y6"|
|b'Michael Jackson -- Vegas Villa Up for Sale (VIDEO) https://t.co/WPYYjDcM7w'|
|b"Kim &amp; Kanye's Ex-Bodyguard -- I'll Shut Up When You Fork Over My Pay! (VIDEO) https://t.co/30za7KNk1y"|
|b"Prince William -- He'll Be a Flexible King (PHOTO GALLERY) https://t.co/kIyjIQGLnr"|
|b'We hear and read your hate. Think it bothers us?!\nhttps://t.co/u5uyVip7Pb'|
|b'Nick Nolte -- Down and Out in Malibu! (PHOTO) https://t.co/KBMe4BFAT7'|
|b"Diddy -- My Arm's in a Sling, But My Ass Isn't (VIDEO) https://t.co/L66yTCFdyT"|
|b'Monica Brown Posts a Touching Message About Husband Shannon (via @lovebscott) https://t.co/pVsZdKnJ5R'|
|b'TMZ Shows You The REAL Hollywood! Book Your @TMZTour: https://t.co/dD9psKoo4Z https://t.co/84j1iBuIod'|
|b'O.T. Genasis: The Bigger The Belly, The Better The Sex?! #TMZTV https://t.co/6hbJCRvPjJ'|
|b'OUCH! Justin Bieber Throws 15-Year Old Super Fan?s Gift Out The Window (via @gossipgirl) https://t.co/VEcL2CNMvf'|
|b"What you've been waiting for. TMZ is now on @Snapchat ? \nGet following: TMZ_TV https://t.co/iKvXzfQvAT"|
|b'Mark Salling -- Indicted for Child Porn https://t.co/zYNtBAjbzW'|
|b'Nicki Minaj Posts EXPLICIT Photo, Twitter Slaps Parental Advisory Censorship Label On It (via MTO) https://t.co/qJWMeXsU5j'|
|b'The Kardashians -- Quit Using Us for Facelifts! https://t.co/TlJ6sFyvVD'|
|b'The #NashvilleFinale ended in one of the WORST ways possible ? who needs closure, right? (via @toofab) https://t.co/TislOZtG8t'|
|b'Beyonce?s Dad ? We Reconciled WAY Before Lemonade! #TMZTV https://t.co/6HriIMkDLT'|
|b'LeAnn Rimes is going after Taylor Swift now -- this is RIDICULOUS! (via @fishwrapped) https://t.co/ReY2eyDaRZ'|
|b'Bella Thorne -- Curves On The Roadside (PHOTOS) https://t.co/GDx1ChocSQ'|
|b'#RockRants with @iamErica_Mena spilling tea on Bow Wow, Posing NUDE, and beating up Love and Hip Hop castmates. https://t.co/jiC9D2M1Yp'|
|b"Johnny Depp -- Long-Term Partner ... Amber's a Liar ... He Doesn't Beat Women https://t.co/tOb98rETS0"|
|b'Blac Chyna &amp; Rob Kardashian -- 7-Figure Deal For First Baby Pics https://t.co/443hZCdq5s'|
|b'Todd Gurley -- Rams Going To Super Bowl ... THIS YEAR!! (VIDEO) https://t.co/lRB4RcVchC'|
|b"NOFX's Fat Mike -- I Detoxed ... But I'm Going Back to Drugs and Booze https://t.co/hU592Twodo"|
|b'UFC Fighter Derrick Lewis -- I Got A Gold Dinosaur ... $125k For Custom T-Rex (PHOTOS) https://t.co/1INEL7QzBe'|
|b'Zoe Saldana -- Bev Hills ... Here I Come!!! https://t.co/dYNqOag4oE'|
|b"Rick Fox -- Kobe Mentoring Shaq's Son ... 'Warms My Heart' (VIDEO) https://t.co/A12F1zwocC"|
|b'Madylin Sweeten Sued -- Trashing My Name Should Cost Her $1.5 Million https://t.co/oFvSo0vp47'|
|b'Ravens Rookie -- All-Pro Autograph Hound ... I Want One From Every Teammate!!! (VIDEO) https://t.co/9tolEKomPb'|
|b'Molly Sims -- Good Genes Or Good Docs? https://t.co/XNO4mQn2gK'|
|b'Maria Shriver All Smiles With Her Boyfriend But What About Arnold? #TMZTV https://t.co/aARrfnv29j'|
|b'Khloe Kardashian?s BOOTY looks absolutely INSANE in skin-tight workout pants (via @toofab) https://t.co/2YgfirSKpE'|
|b"We'll leave this right here ? \nHead on over to Snapchat &amp; add us! Username: TMZ_TV https://t.co/Rnl3PkUIFf"|
|b"'Game Of Thrones' Star -- Don't Call A Tow Truck ... Call 'The Mountain' (VIDEO) https://t.co/stMqr5wqP6"|
|b'Jeff Probst Survived Getting Bit In The Balls By A Jellyfish! #TMZTV https://t.co/YVudn0zXMd'|
|b'We love Hollywood. We just have a funny way of showing it! Get this shirt and more at https://t.co/UwJAMpaUzl https://t.co/JXlbNldVyy'|
|b'Has Giuliana Rancic lost even MORE weight?! These photos are pretty shocking (via @fishwrapped) https://t.co/xbDQ8EweE9'|
|b'#RockRants with @iamErica_Mena spilling tea on Bow Wow, Posing NUDE, and beating up Love and Hip Hop castmates. https://t.co/6wdEQIVKv1'|
|b'Guess Who This Crying Kid Turned Into! https://t.co/8yeeVCjQcQ'|
|b'Charlotte McKinney -- Hollywood Can Be So Cold (PHOTO) https://t.co/P1buZ2EYF9'|
|b'Khloe Kardashian -- This is What Divorcing Looks Like (PHOTOS) https://t.co/ZS8SMyjTzP'|
|b'Harry Styles RESURFACES with short ?do ? damn, he looks so different! (via @toofab) https://t.co/lhFZLK6hIY'|
|b"Gucci Mane -- I'm Free ... to Drop New Music!! (AUDIO) https://t.co/1ropbDOPQ5"|
|b'See the hottest spots in LA, where celebrities go to play. Book Your @TMZTour: https://t.co/QkxDXPIsCu https://t.co/iWXyrp0RvN'|
|b"Jennifer Lawrence vs. Olivia Munn -- Who'd You Rather? (X-Men Edition) https://t.co/YKrQ3f8TdG"|
|b'Shemar Moore: I?ll Take A 7 With A Good Personality #TMZTV https://t.co/dSUOx9wgEE'|
|b"Johnny Manziel -- 'My Friends and Fam Are With Me' (VIDEO) https://t.co/tN1hlIKmKM"|
|b"Britney Spears' sister has extreme emotional breakdown in heartbreaking video: WOW (via @fishwrapped) https://t.co/Lu7op9ifki"|
|b'TOTAL HUNK: Harry Styles? New Short Hair Is Landing Him A TON Of New Attention ? He?s GORGEOUS! (via @gossipgirl) https://t.co/po47P46E0I'|
|b'#RockRants with @iamErica_Mena spilling tea on Bow Wow, Posing NUDE, and beating up Love and Hip Hop castmates. https://t.co/7tCOLtnmxP'|
|b'Justin Bieber?s Lake House Hideaway! #TMZTV https://t.co/vmpS94GA2O'|
|b'Beyonce Covers Her iPhone Apple Logo With A Custom Sticker You HAVE To See ? OMG! (Via MTO) https://t.co/fpWJx5Oovz'|
|b"'Empire Star' -- Cookie and Porsha Met At A Strip Club ... Or Was It In Prison? https://t.co/6XtURy7INe"|
|b"Robin Thicke -- My GF's Acute Angle (PHOTOS) https://t.co/ClgfFcB4Df"|
|b'Hot damn! Jessica Simpson flaunts KILLER booty in new swimsuit pic (via @toofab) https://t.co/UOyiXQNVZd'|
|b'Kanye West -- Creative Studio Robbed ... Smells Like An Inside Job https://t.co/B8AXvbuKL7'|
|b'Blake Lively &amp; Ryan Reynold?s Just REBELLED Against Cannes In A Major Way (via @gossipgirl) https://t.co/4ehM4PoGUf'|
|b'Bella Thorne -- Curves On The Roadside (PHOTOS) https://t.co/vPEDPomC79'|
|b'#RockRants with @iamErica_Mena spilling tea on Bow Wow, Posing NUDE, and beating up Love and Hip Hop castmates. https://t.co/eAr22TOak6'|
|b"Looking forward to Star Wars Episode Vlll?! We've Got Pictures For You!!\nhttps://t.co/O1GzALojWY"|
|b'Mark Salling -- Indicted for Child Porn https://t.co/yeisvLEuzZ'|
|b'N.O. Pelicans Bryce Dejean-Jones -- Shot To Death https://t.co/G0ZIGYx2hS'|
|b'Details About The Florida Teen Who Was Reportedly Caught Having RELATIONS With 25 Boys In School Bathroom (via MTO) https://t.co/0RQlpStxiq'|
|b'Andy Cohen ? I Don?t Need No Stinkin? Dog Walker! #TMZTV https://t.co/C3eWdwHwhC'|
|b"Johnny Depp's Ex-Wife -- He Isn't a Woman Beater https://t.co/q0F0cA6Ocs"|
|b'Just like Hollywood, the new TMZ Chocolate bar is filled with nuts! Get yours: https://t.co/irowOQsIiO @sweetstorela https://t.co/bdKRr7KI8Q'|
|b"Kelly Osbourne DESTROYS Ozzy's Mistress!\nhttps://t.co/t0UAMLl7HD"|
|b'Jhene Aiko Sits Pretty On Big Sean?s Lap In Sexy Instagram ? See Pic (via @hollywoodlife) https://t.co/6nDt7SWvk5'|
|b'#RockRants with @iamErica_Mena spilling tea on Bow Wow, Posing NUDE, and beating up Love and Hip Hop castmates. https://t.co/KJ79G1SiJz'|
|b'Wow, wait until you see what Ariel Winter wore to her senior prom ? stunning! (via @toofab) https://t.co/uibGrRSkMY'|
|b'Erykah Badu And Family Singing ?High Hopes? Will Give You So Many Feels (via @vibemagazine) https://t.co/jQSZTFLF5C'|
|b"Mickey Rourke -- Johnny Depp's a Low-Key Gentleman (VIDEO) https://t.co/82eXYR5UYi"|
|b"Rosie O'Donnell -- I Choked When I Met Caitlyn Jenner ... Total Trump Move! (VIDEO) https://t.co/5FDXv2vzzE"|
|b'Brian Austin Green still in the dog house? Megan Fox opens up on disappointment (via @fishwrapped) https://t.co/mquo09B9IW'|
|b'Kylie Jenner Is About To Make You Feel REALLY, REALLY POOR (via @gossipgirl) https://t.co/iEWcSBQXtD'|
|b'Khloe Kardashian -- Trigger For Divorce ... She Wants Kids https://t.co/ibDrXr9t59'|
|b'Love Yourself Like @KanyeWest loves Kanye. Get This Shirt And More At https://t.co/hVZvVc63gE https://t.co/xTlcPrwVj7'|
|b'Is Keisha Knight Pullium?s 4-month Marriage Already Coming To An End?! (via MTO) https://t.co/x4zzoz1twC'|
|b'Mally Mall -- Furious Over Dead Exotic Cat Pic (PHOTO) https://t.co/VB41ZAnhgh'|
|b'We Love The New Mariah Carey! #TMZTV https://t.co/ylzeugEPJP'|
|b'Selena Gomez Gets Choked Up in Concert, Starts Crying in the Middle of ?Who Says? (via @etnow) https://t.co/mHIxjDUPNJ'|
|b'#RockRants with @iamErica_Mena spilling tea on Bow Wow, Posing NUDE, and beating up Love and Hip Hop castmates. https://t.co/YgBz3wbdX1'|
|b"What's the Big Frigin' Difference?! https://t.co/tYlE0DCZa5"|
|b'The first teaser trailer for #BeautyAndTheBeast is GORGEOUS (via @toofab) https://t.co/HqvpsvLvX4'|
|b"Prince Jackson -- A Black Belt Won't Cover My Ass (VIDEO) https://t.co/mWnwdRHaRP"|
|b'Scott Disick, Kourtney Kardashian -- Can You Hear Us Over Our Outfits? (PHOTOS) https://t.co/zT1FoHDaSg'|
|b'Justin Bieber -- You Always Knew I Was a Handful (PHOTO) https://t.co/tuf2QbA7u1'|
|b'Johnny Manziel -- Hunted Down By Mercedes Owner ... Pay Up, A-Hole (VIDEO) https://t.co/TVVoRDnS11'|
|b'WATCH: Tamar Braxton Reacts to Getting Fired From ?The Real? on ?Braxton Family Values? (via @lovebscott) https://t.co/OIofmsnOob'|
|b'Experience Hollywood ? TMZ Style On The TMZ Tour!! Book Your @TMZTour: https://t.co/gyL5WvP9By https://t.co/23ZNzoTpih'|
|b'Charlotte McKinney -- Hollywood Can Be So Cold (PHOTO) https://t.co/FypN3oq9fq'|
|b'Miami Strip Club BUSTED For Throwing ?Teen Party? For Kids As Young As 11! (via MTO) https://t.co/jzJDitsm64'|
|b"You never know what you'll see. ? \nAdd TMZ On #Snapchat: TMZ_TV https://t.co/hv7BNsNCCz"|
|b'Diplo -- Sorry, Justin Bieber ... That Sample Is Gonna Cost Ya (VIDEO) https://t.co/TLW3ejkMot'|
|b'Justin Bieber Is A SAVAGE ? See What He Did Now? (via @gossipgirl) https://t.co/tc95MkSxWm'|
|b'Kim &amp; Kanye Threatening to Sue Ex-Bodyguard! #TMZTV https://t.co/wxpwH4CF47'|
|b'John Legend and Chrissy Teigen?s daughter Luna is officially the cutest ever (via @toofab) https://t.co/RBnzshabYe'|
|b'Mark Salling -- Indicted for Child Porn https://t.co/Fko9HsIYrA'|
|b"Blake Shelton wanted to be 'in a coma' after divorce from Miranda Lambert: harsh! (via @fishwrapped) https://t.co/ZNmR58KWxV"|
|b"Amber Heard -- Claims Johnny Depp's Violence Triggered by Drug, Alcohol Abuse https://t.co/DlnPjdIltK"|
|b'Kim Kardashian ? American Spy?! #TMZTV https://t.co/HHXeURGgJc'|
|b'Amber Heard -- I Want The House And The Dogs https://t.co/j4Z9Rxv1F1'|
|b'Ana Ortiz: Are Topless Maids The Way To Go? #TMZTV https://t.co/j0O35TNoGf'|
|b'Bella Thorne -- Curves On The Roadside (PHOTOS) https://t.co/DYZEemR0u3'|
|b'Johnny Depp -- Coke and Booze Fueled Recent Violence ... Amber Claims https://t.co/KTO9rdkvXF'|
|b'Leonardo Dicaprio, Rihanna and Nina Agdal: Three?s A Charm? #TMZTV https://t.co/nBn0Xke4yx'|
|b'Jennifer Lopez -- Screw the Valley ... I Live in Bel-Air Now!!! (PHOTO) https://t.co/PthFkWDwUX'|
|b'Stars and Scars -- You Be the Judge https://t.co/NZ7k7Zfcgh'|
|b'Blac Chyna to Rob -- Back of the Air Bus, Bitch!!! https://t.co/0qI6a7MHCO'|
|b"Sly Stallone -- I'd Pay to See Floyd vs. Conor ... Here's Why (VIDEO) https://t.co/3DVB8zIrjn"|
|b'Ray Rice -- Not Giving Up NFL Dream ... Despite Mentor Role https://t.co/pyqIApWbsX'|
|b'Marc Anthony Sued -- Your Yacht Left Me with 9 Fingers https://t.co/2ho7eU3ByQ'|
|b"Wee Man -- Disses Justin Bieber ... You're No Skateboarder! https://t.co/ByGxQv3VJb"|
|b'Gucci Mane -- Silver Lining Prison Playbook https://t.co/xXqAn9beDQ'|
|b'Michael Rapaport -- Baller-ish Pad Sells for $1.8 Mil (PHOTO) https://t.co/JbyVf5DZ9S'|
|b'Famous People On Pool Floaties -- Check Out the Overinflated Stars https://t.co/fhcQj2qbh7'|
|b"Gucci Mane -- I'm Free ... to Drop New Music!! (AUDIO) https://t.co/GCeuMWlcOh"|
|b'Mally Mall -- Furious Over Dead Exotic Cat Pic (PHOTO) https://t.co/7E4P64ITew'|
|b'Patrick Dempsey?s Bad At Divorce #TMZTV https://t.co/HnVaZW7qFT'|
|b"Rosie O'Donnell -- I Choked When I Met Caitlyn Jenner ... Total Trump Move! (VIDEO) https://t.co/2qEID5dGJh"|
|b'O.T. Genasis: The Bigger The Belly, The Better The Sex?! #TMZTV https://t.co/OOAQifZbTS'|
|b"We're Here. ? \nAdd Us On #Snapchat: TMZ_TV https://t.co/GKxqg7eb7R"|
|b'Beyonce?s Dad ? We Reconciled WAY Before Lemonade! #TMZTV https://t.co/zk7ZXDlB8w'|
|b'Get your TMZ merch at https://t.co/UwJAMpaUzl https://t.co/qY5OyUAPdj'|
|b'Justin Bieber?s Lake House Hideaway! #TMZTV https://t.co/3VbuOZClUZ'|
|b"MLB's Dusty Baker -- Dances with 107-Year-old Legend ... At Nats Game https://t.co/YjYR7zbaqj"|
|b'We Love The New Mariah Carey! #TMZTV https://t.co/gqUNKlht3B'|
|b"Robin Thicke -- My GF's Acute Angle (PHOTOS) https://t.co/WTjjQXPgI8"|
|b'Kim &amp; Kanye Threatening to Sue Ex-Bodyguard! #TMZTV https://t.co/HkV1iGNU8C'|
|b"Justin Bieber -- Here's Proof I Didn't Jack 'Sorry' Vocals (AUDIO) https://t.co/dpfTnrxP9J"|
|b'Hear inside info and never revealed details about Hollywood celebs on the @TMZTour! Book Now https://t.co/mMVrJ90fYA https://t.co/xGVJHlYj0t'|
|b'?Nashville? star defends that SHOCKING finale ? ?we don?t feel like we?re done!? (via @toofab) https://t.co/FcE13J3AEP'|
|b"MLB's Dusty Baker -- Dances with 107-Year-old Legend ... At Nats Game https://t.co/hgEjhQaDhX"|
|b"Johnny Depp -- Rocks Hard with 'Vampires' ... Fans Show Major Love (VIDEO) https://t.co/SwikMFCl8G"|
|b'Helllloooooo 3-Day Weekend!\nhttps://t.co/jgPIjK7vL7'|
|b"Robin Thicke -- My GF's Acute Angle (PHOTOS) https://t.co/PUabeOi47m"|
|b"Battle Of The Butts: Whose Is Bigger, Rob's or Blac Chyna?s? See Side By Side Pics (via MTO) https://t.co/a5cXRlCZGD"|
|b"Ex-WWE Star Rob Van Dam -- Wife Files for Divorce ... But We Don't Hate Each Other https://t.co/pVYAL6CyqO"|
|b"Miesha Tate -- Ronda's Emotionally Unstable https://t.co/fsv9u0JuGY"|
|b'OMG! This chick looks JUST LIKE KIM KARDASHIAN: scary &amp; entertaining as hell (via @fishwrapped) https://t.co/VyZRcxfode'|
|b"TMZ's Million Dollar May Sweepstakes! Watch and Play For A Chance to WIN a MILLION DOLLARS! Ends 5/27. Enter Here: https://t.co/MRrbOsWKAw"|
|b':( Very Sad New For Jennifer Anniston Surfaces (via @gossipgirl) https://t.co/bLjZGhutSh'|
|b'Tony Hawk -- Skate Ramp + Basketball = Awesome (VIDEO) https://t.co/76Cx8OLdd5'|
|b'Khloe Kardashian -- This is What Divorcing Looks Like (PHOTOS) https://t.co/zMOuEQgpBI'|
|b"Johnny Depp -- I'm Doing Good Deeds Overseas (PHOTO) https://t.co/J1nG1PKkWw"|
|b'PI: Casey Anthony?s lawyer admitted that his client killed her daughter (via @deathandtaxes) https://t.co/7QLqlzTdnM'|
|b'Andrew Bynum -- Blondes Have More Fun https://t.co/yhFLTtBRWY'|
|b'Charlotte McKinney -- Hollywood Can Be So Cold (PHOTO) https://t.co/mBqzEYW07z'|
|b"MLB's Robinson Cano -- Screens 'Ninja Turtles' For 150 Kids https://t.co/D9CcqTLYQX"|
|b'Baby on board! Blac Chyna shares first pic of her bare bump! (via @toofab) https://t.co/5sKpPTzzUe'|
|b"Vin Scully On All-Star Game -- 'Just Didn't Want to Do It' (VIDEO) https://t.co/bzxKZK1zuE"|
|b'?The Real? Producers Are FIGHTING BACK Against Tamar Braxton (via MTO) https://t.co/bAf002BAKM'|
|b'Johnny Depp, Amber Heard -- A Dog House Divided https://t.co/dd0mGrAHhB'|
|b'Bella Hadid -- TMZ Photog Offers Fashion Tips (VIDEO) https://t.co/myIbsfTJ33'|
|b'Amber Heard -- Falls Apart After Court (PHOTO) https://t.co/0WVus5nr04'|
|b'Has Giuliana Rancic lost even MORE weight?! These photos are pretty shocking (via @fishwrapped) https://t.co/QFEbC0PxR8'|
|b"D'Angelo Russell -- I Ain't Mad Over Adam Sandler Parody ... 'It's His Job' (VIDEO) https://t.co/Oo5xY12yzC"|
|b'Hi Haterz!\nhttps://t.co/FCk3b1mC3J'|
|b'Mark Salling -- Indicted for Child Porn https://t.co/PeNa7rxWaD'|
|b"NFL's Whitney Mercilus -- My Beloved Dogs Are Missing ... May Have Been Taken https://t.co/rpyV8DsxTO"|
|b'Woman to Use Dead Daughter?s Eggs to Give Birth to a Grandchild (via @lovebscott) https://t.co/4FofZjOyL0'|
|b'Diplo -- Sorry, Justin Bieber ... That Sample Is Gonna Cost Ya (VIDEO) https://t.co/naUMYrSR4V'|
|b"Jennifer Lawrence vs. Olivia Munn -- Who'd You Rather? (X-Men Edition) https://t.co/OLeCziiNGZ"|
|b"1 ? isn't enough. Get the TMZ Candy Bar now! https://t.co/bGbbM49kgc @sweetstorela https://t.co/20xoCzV2ym"|
|b"#BREAKING Amber Heard -- Claims Johnny Depp's Violence Triggered by Drug, Alcohol Abuse https://t.co/vXjHaZt6q1"|
|b'#BREAKING Amber Heard -- Cops Say No Evidence of Injuries https://t.co/dCvbj8AnET'|
|b'Kim Kardashian steals spotlight at Scott Disick?s b-day bash in totally SEE-THROUGH dress (via @toofab) https://t.co/9Tf4RqnHsX'|
|b'Jay Z FINALLY Responds to Beyonce?s ?Lemonade? (via @gossipgirl) https://t.co/wCYIpCjI5o'|
|b'Amber Heard Leaves Court After Seeking Restraining Order Against Johnny Depp https://t.co/uokIPmK398 https://t.co/8KzyRXVEeB'|
|b'Amber Heard -- I Want The House And The Dogs https://t.co/2i7MCFXzH3'|
|b"TMZ's Million Dollar May Sweepstakes! Watch and Play For A Chance to WIN a MILLION DOLLARS! Ends 5/27. Enter Here: https://t.co/J5TqWp7cLp"|
|b'Dwyane Wade -- European Yacht Vacation ... With Chris Bosh https://t.co/0arieXmarU'|
|b'Khloe Kardashian -- Trigger For Divorce ... She Wants Kids https://t.co/nNbe8HRKLA'|
|b'Bella Thorne -- Curves On The Roadside (PHOTOS) https://t.co/aSNFUFuRRz'|
|b"T.I. -- NYC Shootout Ruins High School Graduation Gig ... He's Too Gangsta! https://t.co/ErQVvfQaml"|
|b'Yasiel Puig -- Finds Mini-Puig at Statue of Liberty (PHOTO) https://t.co/YrSerouFcj'|
|b'Solange Knowles May Be Expecting A Little One! (via MTO) https://t.co/iERTwDvVQq'|
|b'The Kardashians -- Quit Using Us for Facelifts! https://t.co/suO2hDkx1p'|
|b'TMZ Live: Johnny Depp Accused of Domestic Violence by Amber Heard https://t.co/lr7MxmY2v5'|
|b"Harvey Discusses Amber Heard's Claims of Domestic ABUSE by Johnny Depp!\nhttps://t.co/sf7oV4f6N1"|
|b'RT @TMZ_Sports: .@criscyborg with the dance moves! https://t.co/bRABKnVEqL'|
|b"Gucci Mane -- I'm Free ... to Drop New Music!! (AUDIO) https://t.co/6RpWVd4IKo"|
|b"'Game Of Thrones' Star -- Don't Call A Tow Truck ... Call 'The Mountain' (VIDEO) https://t.co/1Yju88HQ8K"|
|b'Rihanna Exposes Her Nipples in a See-Through Dress While Out in NYC (via @etnow) https://t.co/65iFxcADmh'|
|b'UPDATE: We obtained this pic showing Amber with a bruise around her eye. For more visit https://t.co/43QxtTAtRW https://t.co/bTJTE0mP2u'|
|b'Georgia Athletic Director -- Sorry For Giving Ludacris Condoms ... To Perform at Football Game https://t.co/KhurX7widi'|
|b'#BREAKING Amber Heard -- Claims Domestic Violence ... Seeks Restraining Order Against Johnny Depp https://t.co/43QxtTiT0o'|
|b'The only onsie your babies need is at https://t.co/UwJAMpaUzl https://t.co/T1U25gad3N'|
|b"Kim &amp; Kanye's Ex-Bodyguard -- I'll Shut Up When You Fork Over My Pay! (VIDEO) https://t.co/vQBmgUtCzj"|
|b'Ryan Reynolds Broke a MAJOR Rule At Cannes Film Festival For Blake Lively (via @gossipgirl) https://t.co/v1c2Ox31WZ'|
|b'LAST DAY TO ENTER: You could be a Millionaire baby!! Now you have a million more reasons to watch TMZ and TMZ Live.\nhttps://t.co/DJB4mRhowm'|
|b'Chris Cornell -- FBI Swoops In After Stalker Ditches Ankle Monitor, Goes Missing https://t.co/8ulGH8e9wu'|
|b'Detroit Lions RB -- Happy Birthday Bro ... YOU GET A CAR! (VIDEO) https://t.co/k1NQZql4kt'|
|b'Mally Mall -- Furious Over Dead Exotic Cat Pic (PHOTO) https://t.co/x8CEcFob17'|
|b"Jennifer Lawrence vs. Olivia Munn -- Who'd You Rather? (#XMen Edition) https://t.co/oYComKJWyf https://t.co/qiT24K3ltd"|
|b"Rosie O'Donnell -- I Choked When I Met Caitlyn Jenner ... Total Trump Move! (VIDEO) https://t.co/2n4XHJv47t"|
|b'Guess Who This Crying Kid Turned Into! https://t.co/XiEybrfoHB'|
|b'Eden Wood &amp; Honey Boo Boo graduate 5th grade ? and WOW, wait?ll you see ?em now! (via @toofab) https://t.co/Ke4fzNEGEE'|
|b'Love And Hip Hop?s Cardi B Got Her Teeth Fixed &amp; Now She Looks Like A Totally Different Woman! (via MTO) https://t.co/ddg3VkKcpy'|
|b"MLB's Dusty Baker -- Dances with 107-Year-old Legend ... At Nats Game https://t.co/HtOu3TpCYu"|
|b"Johnny Manziel -- 'My Friends and Fam Are With Me' (VIDEO) https://t.co/mik6t1rHcM"|
|b"Robin Thicke -- My GF's Acute Angle (PHOTOS) https://t.co/tJFF2wZw59"|
|b"Miesha Tate -- Ronda's Emotionally Unstable https://t.co/PmKP09qjxX"|
|b'?Jeopardy? Fans Are Going NUTS Over Champion Who Is Trolling Alex Trebek Hard (via @hollywoodlife) https://t.co/QKkQNEtZLa'|
|b"Beyonce -- I'm #2 ... I Need to Try Harder (PHOTO) https://t.co/ZjbQQ7bY99"|
|b'Khloe Kardashian -- This is What Divorcing Looks Like (PHOTOS) https://t.co/mCk8WKo5CD'|
|b'Charlotte McKinney -- Hollywood Can Be So Cold (PHOTO) https://t.co/CxHmDeMIFO'|
|b'Who will you see on the @TMZTour. Book Tix: https://t.co/G5QKOqA0tu https://t.co/lgPsBcmF7w'|
|b"You asked, screamed and wrote me things ? and now we're telling you. WHY do we cover the #Kardashians so much?\nhttps://t.co/iXZBdIXNQR"|
|b"Vin Scully On All-Star Game -- 'Just Didn't Want to Do It' (VIDEO) https://t.co/utkX9UHdbc"|
|b'Khloe Kardashian Files for Divorce Again https://t.co/8wL07l251B'|
|b'Bella Hadid -- TMZ Photog Offers Fashion Tips (VIDEO) https://t.co/ujwqsdSRfk'|
|b"D'Angelo Russell -- I Ain't Mad Over Adam Sandler Parody ... 'It's His Job' (VIDEO) https://t.co/qGBhy4CoPH"|
|b"Jennifer Lawrence vs. Olivia Munn -- Who'd You Rather? (X-Men Edition) https://t.co/O1saojjB16"|
|b'Adele Forgets Her Own Lyrics in Concerts, Hilariously Calls Herself Out (via @etnow) https://t.co/DWatjQbG9O'|
|b"What you've been waiting for. TMZ is now on @Snapchat ? \nGet following: TMZ_TV https://t.co/xC8e1rFrgu"|
|b'Ray Rice -- Returns to Ravens to School Rookies https://t.co/GQoxNYMrSn'|
|b'A Kardashian Movie Is In The Works ? Oh Man? (via @gossipgirl) https://t.co/QADtoMB06h'|
|b'Shawn Stockman -- Eagles SCREWED Sam Bradford ... Tantrum Was Justified (VIDEO) https://t.co/om0qitubgE'|
|b'Kim and Kanye -- Threaten Blabbing Bodyguard with $10 Mil Lawsuit https://t.co/oPab7wHoui'|
|b"Gucci Mane -- I'm A Free Man!! Fresh Outta Jail https://t.co/MX1Hw9l8Tk"|
|b"Justin Bieber Sued ... You're a Sorry Thief https://t.co/wql9RAnO01"|
|b"MLB Investigators -- Padres Gay Chorus Incident Was 'Human Error' https://t.co/WydQHBXcUA"|
|b"Amber Heard -- BS Johnny Depp's Family Hated Me https://t.co/ZdSmZ6nSMd"|
|b'Justin Bieber -- Gets a Steak in Nicola Peltz (PHOTOS) https://t.co/coszUC50Ad'|
|b'Khloe Kardashian -- Trigger For Divorce ... She Wants Kids https://t.co/AGk5zFyXJu'|
|b"'RHONY' Star Carole Radziwill -- BF Plane Crash 911 Call ... 'Just Breathe, Dad' (AUDIO) https://t.co/ogkYRDmiYr"|
|b"T.I. -- NYC Shootout Ruins High School Graduation Gig ... He's Too Gangsta! https://t.co/LTeUh3kfRf"|
|b'The Kardashians -- Quit Using Us for Facelifts! https://t.co/2omWYsCPIW'|
|b"'Game Of Thrones' Star -- Don't Call A Tow Truck ... Call 'The Mountain' (VIDEO) https://t.co/oqr5ZjIhgt"|
|b'Knowshon Moreno -- I Wanna Play for the Broncos Again ... I Feel Good, Healthy (VIDEO) https://t.co/dGJ3hcNNH7'|
|b'Chris Cornell -- FBI Swoops In After Stalker Ditches Ankle Monitor, Goes Missing https://t.co/gy6SV2u8wc'|
|b'Guess Who This Crying Kid Turned Into! https://t.co/lOmGsS4P0n'|
|b"Baylor -- School Officials 'Retaliated' Against Sexual Assault Accuser https://t.co/5LKfzUCm8E"|
|b'Gwyneth Paltrow, Chris Martin -- Divorce a Done Deal https://t.co/o3METg0SkI'|
|b"Ariana Grande -- Hot Guy from 'Into You' Music Video ... I'm No Big Sean! (VIDEO) https://t.co/zHzhqlzvHG"|
|b'Baylor Football -- Head Coach Fired ... Alleged Mishandling of Player Rape Accusations https://t.co/ooHLQZZsqe'|
|b'Toronto Raptors Players -- Hit Cleveland Casino ... Hours Before Blowout Loss https://t.co/qhGICiRfir'|
|b"We'll leave this right here ? \nHead on over to Snapchat &amp; add us! Username: TMZ_TV https://t.co/zYNSkLNxRR"|
|b"'Dance Moms' -- Homeless Man Arrested And Tased For Trying To Get In Studio https://t.co/PDQ37zbfzs"|
|b'Love Yourself Like @KanyeWest loves Kanye. Get This Shirt And More At https://t.co/hVZvVcnEFe https://t.co/5J4fJVmXwX'|
|b'Boise State Football -- 2 Players Expelled ... After Sexual Assault Investigation https://t.co/rCHJdTcBgF'|
|b"#RockRants w/ @RockTopics and @LoveTiffney ? We're talking a big package courtesy of @TheGame https://t.co/mNKgHA2AAt"|
|b"Artie Lange -- Bashes A-Rod ... 'Stain On the Yankees, Poison' (VIDEO) https://t.co/oOqQpJkRbR"|
|b'Hear inside info and never revealed details about Hollywood celebs on the @TMZTour! Book Now https://t.co/dEwsr3RKC0 https://t.co/nMBDtKBxhd'|
|b'Bristol Palin -- Hey Levi ... You Owe Me $60k https://t.co/4Dtgj5YSCd'|
|b'Mally Mall -- Exotic Cat Dies In House Fire https://t.co/r5eW1YqoUi'|
|b'Tomorrow is FRIDAY.\nhttps://t.co/StqECVelvB'|
|b"WWE's Darren Young -- I Sharted In the Ring ... 'So Embarrassed' (VIDEO) https://t.co/UEKb2mKEyH"|
|b'Dustin Diamond -- Saved by the Cell ... Back in Jail for Probation Violation (MUG SHOT) https://t.co/aDdqKXoeck'|
|b'RT @TMZ_Sports: BIG game tonight, so we gotta ask: @okcthunder or @warriors? ?'|
